Archived,20250216224415
Artworks,20250216224415
Christian Paul Velo's Self-introduction DF Entry,20250216224415
christianpaulvelo,20250216224415
hi are u free today,20250216224415
horror,20250216224415
human experience,20250216224415
In 48 hours (excerpt),20250216224415
love,20250216224415
me but in monster hunter wilds,20250216224415
me but in stardew valley,20250216224415
me,20250216224416
node-based systems,20250216224416
Open Letter to Kakampinks,20250216224416
personal knowledge management systems (PKM),20250216224416
writings,20250216224416
